{
  "best_length": 390.34071568628343,
  "best_tour": [
    19,
    2,
    4,
    17,
    3,
    7,
    8,
    15,
    0,
    16,
    13,
    1,
    10,
    12,
    9,
    6,
    11,
    18,
    14,
    5
  ],
  "timestamp": "2025-11-21T22:02:53.925453"
}