{
  "best_length": 386.7324610620254,
  "best_tour": [
    11,
    18,
    5,
    14,
    4,
    17,
    3,
    2,
    19,
    7,
    8,
    15,
    0,
    16,
    13,
    1,
    10,
    12,
    9,
    6
  ],
  "timestamp": "2025-11-21T22:06:12.662855"
}